λ 5,I 5,λ 4,I 4,no λ 4,no I 4,λ 3,I 3,λ 2,I 2,λ 1,I 1,λ 0.8,I 0.8,λ 0.6,I 0.6,λ 0.4,I 0.4,λ 0.2,I 0.2,λ 0.1,I 0.1,σ I 5,σ I 4,σ I 3,σ I 2,σ I 1,σ I 0.8,σ I 0.6,σ I 0.4,σ I 0.2,σ I 0.1
534.9199829,311.3305054,534.9199829,291.8778687,534.9199829,370.3312988,534.9199829,299.8882446,534.9199829,222.3771973,534.9199829,114.3102646,534.9199829,83.05129242,534.9199829,58.44406128,534.9199829,26.63675308,534.9199829,9.813858986,534.9199829,5.872784615,,,,,,,,,,
535.9699707,349.7627869,535.9699707,326.3576965,535.9699707,413.9832764,535.9699707,333.1393127,535.9699707,244.6636353,535.9699707,126.3955078,535.9699707,91.18878937,535.9699707,62.94159698,535.9699707,29.18413734,535.9699707,10.78225517,535.9699707,6.345533848,,,,,,,,,,
536.8599854,384.2583313,536.8599854,356.1679382,536.8599854,450.3169556,536.8599854,361.7224426,536.8599854,262.5028687,536.8599854,136.6796265,536.8599854,98.32529449,536.8599854,68.48265076,536.8599854,31.01394081,536.8599854,11.5098753,536.8599854,6.829025269,,,,,,,,,,
537.9099731,432.5178528,537.9099731,399.8148804,537.9099731,500.9906921,537.9099731,397.8399963,537.9099731,291.3002014,537.9099731,147.5623322,537.9099731,106.3406906,537.9099731,74.74131012,537.9099731,33.57608795,537.9099731,12.52956772,537.9099731,7.402870655,,,,,,,,,,
538.9500122,482.6352234,538.9500122,444.0917969,538.9500122,550.1333008,538.9500122,439.6521301,538.9500122,318.5211792,538.9500122,159.8696594,538.9500122,115.3059235,538.9500122,81.22145081,538.9500122,36.55768204,538.9500122,13.46397972,538.9500122,8.045880318,,,,,,,,,,
539.8499756,516.2911377,539.8499756,477.0442505,539.8499756,591.8447266,539.8499756,464.0420837,539.8499756,337.0258179,539.8499756,170.0092163,539.8499756,121.955307,539.8499756,85.5187912,539.8499756,38.45122147,539.8499756,14.19027328,539.8499756,8.396784782,,,,,,,,,,
540.8900146,575.6019287,540.8900146,522.8222656,540.8900146,643.2838135,540.8900146,502.2406006,540.8900146,361.7535706,540.8900146,181.7470093,540.8900146,130.8075714,540.8900146,90.8592453,540.8900146,41.13162994,540.8900146,15.22309017,540.8900146,8.849244118,,,,,,,,,,
541.9400024,623.5809326,541.9400024,563.9364014,541.9400024,690.4248047,541.9400024,537.2595825,541.9400024,383.0764771,541.9400024,191.3039398,541.9400024,137.0662079,541.9400024,95.57348633,541.9400024,43.68620682,541.9400024,15.95530701,541.9400024,9.361945152,,,,,,,,,,
542.8300171,663.6782227,542.8300171,596.5109863,542.8300171,725.6035156,542.8300171,561.2457275,542.8300171,399.463623,542.8300171,199.8017426,542.8300171,141.4533691,542.8300171,100.1285553,542.8300171,44.71741486,542.8300171,16.64976311,542.8300171,9.707472801,,,,,,,,,,
543.8800049,708.9206543,543.8800049,634.7398682,543.8800049,767.0726929,543.8800049,590.8521118,543.8800049,422.5342102,543.8800049,209.2955933,543.8800049,148.6174622,543.8800049,104.0625305,543.8800049,46.86981583,543.8800049,17.25582123,543.8800049,10.09325123,,,,,,,,,,
544.9199829,756.4313354,544.9199829,672.0961914,544.9199829,808.8036499,544.9199829,623.4804688,544.9199829,438.0991211,544.9199829,216.5353394,544.9199829,154.346283,544.9199829,107.6849518,544.9199829,48.28108215,544.9199829,17.52639198,544.9199829,10.41467094,,,,,,0.6945582735,0.48458228309999996,0.217264869675,,0.04686601923
545.9699707,794.8828125,545.9699707,706.0671997,545.9699707,840.9290161,545.9699707,643.0982056,545.9699707,453.3415833,545.9699707,223.2584686,545.9699707,159.0797424,545.9699707,111.3277512,545.9699707,49.8863678,545.9699707,18.53453064,545.9699707,10.58794403,,,,2.04003712485,1.0046631086999998,0.7158588407999998,0.5009748803999999,0.2244886551,0.08340538787999999,0.04764574813499999
546.8599854,824.1605225,546.8599854,726.6275635,546.8599854,878.3560791,546.8599854,667.5332642,546.8599854,465.0218811,546.8599854,228.2475739,546.8599854,161.352951,546.8599854,112.8097,546.8599854,50.70157242,546.8599854,18.76565933,546.8599854,10.91735458,,,,2.0925984649499996,1.0271140825499998,0.7260882794999999,0.50764365,0.22815707588999998,0.08444546698499998,0.04912809560999999
547.9099731,857.8022461,547.9099731,755.8063965,547.9099731,900.5852051,547.9099731,674.6190186,547.9099731,475.2436523,547.9099731,232.4337006,547.9099731,166.3147583,547.9099731,115.0595016,547.9099731,51.76555252,547.9099731,19.02177048,547.9099731,11.21706676,,,3.0357855836999996,2.1385964353499998,1.0459516527,0.7484164123499999,0.5177677572,0.23294498634,0.08559796716,0.050476800419999995
548.9500122,881.6019287,548.9500122,776.331665,548.9500122,921.7999878,548.9500122,695.6993408,548.9500122,484.8349304,548.9500122,235.8523712,548.9500122,168.0923309,548.9500122,116.2593842,548.9500122,51.78395081,548.9500122,19.32031441,548.9500122,11.28170776,3.9672086791499996,3.4934924924999997,3.1306470335999994,2.1817571868,1.0613356703999999,0.75641548905,0.5231672289,0.233027778645,0.086941414845,0.05076768491999999
549.8499756,908.1212158,549.8499756,794.0414429,549.8499756,937.0583496,549.8499756,705.0025024,549.8499756,490.5150452,549.8499756,237.2276306,549.8499756,169.6678619,549.8499756,117.1060028,549.8499756,52.51012802,549.8499756,19.29828644,549.8499756,11.26035881,4.086545471099999,3.5731864930499997,3.1725112608,2.2073177033999998,1.0675243376999999,0.7635053785499999,0.5269770126,0.23629557609,0.08684228897999999,0.050671614644999995
550.8800049,919.616333,550.8800049,802.9462891,550.8800049,948.6112061,550.8800049,712.6035156,550.8800049,491.4585266,550.8800049,237.9582367,550.8800049,170.5111542,550.8800049,117.7953873,550.8800049,52.51699829,550.8800049,19.21751976,550.8800049,11.38021088,4.1382734985,3.6132583009499997,3.2067158202,2.2115633697,1.07081206515,0.7673001938999999,0.53007924285,0.23632649230499997,0.08647883891999998,0.051210948959999995
551.9099731,932.4260864,551.9099731,810.0476074,551.9099731,956.9576416,551.9099731,716.1199341,551.9099731,492.7385864,551.9099731,239.2610016,551.9099731,169.8980408,551.9099731,117.6714249,551.9099731,52.44773865,551.9099731,19.35143471,551.9099731,11.26765347,4.1959173888,3.6452142332999995,3.22253970345,2.2173236387999995,1.0766745072,0.7645411835999999,0.52952141205,0.23601482392499998,0.08708145619499999,0.050704440615
552.9400024,931.2956543,552.9400024,814.7751465,552.9400024,955.6602173,552.9400024,718.6242065,552.9400024,491.3721008,552.9400024,237.2147217,552.9400024,168.5756836,552.9400024,117.1467209,552.9400024,52.28160858,552.9400024,19.21702766,552.9400024,11.13997269,4.1908304443499995,3.6664881592499996,3.23380892925,2.2111744536,1.0674662476499999,0.7585905761999999,0.52716024405,0.23526723860999996,0.08647662446999999,0.050129877105
553.9699707,942.0336914,553.9699707,823.1050415,553.9699707,961.9084473,553.9699707,715.6717529,553.9699707,488.2037048,553.9699707,235.1226501,553.9699707,167.6275635,553.9699707,116.4286499,553.9699707,51.79689407,553.9699707,18.99149513,553.9699707,11.07225132,4.2391516113,3.70397268675,3.2205228880499996,2.1969166716,1.0580519254499998,0.75432403575,0.52392892455,0.23308602331499997,0.085461728085,0.04982513094
554.8499756,940.3782959,554.8499756,811.2246094,554.8499756,954.0541992,554.8499756,709.6775513,554.8499756,483.8544312,554.8499756,231.7585754,554.8499756,166.7346954,554.8499756,114.1299286,554.8499756,50.93328857,554.8499756,18.76288795,554.8499756,11.07688046,4.231702331549999,3.6505107422999994,3.1935489808499997,2.1773449404,1.0429135892999999,0.7503061293,0.5135846786999999,0.229199798565,0.08443299577499999,0.04984596206999999
555.8800049,932.5515747,555.8800049,807.0599365,555.8800049,928.2409058,555.8800049,700.3032227,555.8800049,477.1594543,555.8800049,230.2713776,555.8800049,163.4426727,555.8800049,112.9511108,555.8800049,50.21794891,555.8800049,18.58268929,555.8800049,10.71289063,4.19648208615,3.63176971425,3.15136450215,2.1472175443499997,1.0362211991999999,0.73549202715,0.5082799986,0.22598077009499998,0.083622101805,0.048208007835
556.9099731,917.1090088,556.9099731,794.0455933,556.9099731,916.8242188,556.9099731,690.4084473,556.9099731,471.8510132,556.9099731,226.2024994,556.9099731,160.8366547,556.9099731,111.0040894,556.9099731,49.86209869,556.9099731,18.13728905,556.9099731,10.588027,4.1269905395999995,3.5732051698499996,3.10683801285,2.1233295593999997,1.0179112472999998,,,,0.081617800725,
557.9400024,889.9338989,557.9400024,785.3328857,557.9400024,915.1273193,557.9400024,672.2166138,557.9400024,459.9830322,557.9400024,222.2980499,557.9400024,158.2017517,557.9400024,108.5988083,557.9400024,48.28660583,557.9400024,17.7204113,557.9400024,10.3323555,4.00470254505,3.5339979856499997,3.0249747621,,,,,,,
558.9699707,888.5847168,558.9699707,765.7237549,558.9699707,887.4589844,558.9699707,657.5991821,558.9699707,448.8322754,558.9699707,216.9716797,558.9699707,153.7191315,558.9699707,105.5932236,558.9699707,47.22839737,558.9699707,17.34442902,558.9699707,10.12093925,3.9986312255999996,3.44575689705,,,,,,,,
559.8499756,869.5118408,559.8499756,752.1049194,559.8499756,872.5522461,559.8499756,646.7546997,559.8499756,440.8051758,559.8499756,210.5752716,559.8499756,150.9032593,559.8499756,104.4814224,559.8499756,46.0794754,559.8499756,16.90893936,559.8499756,9.873703003,3.9128032835999997,3.3844721372999995,,,,,,,,
560.8900146,839.4666748,560.8900146,732.7371216,560.8900146,850.7446289,560.8900146,626.8596191,560.8900146,428.8818665,560.8900146,204.5591431,560.8900146,146.5858459,560.8900146,100.2856522,560.8900146,44.38778305,560.8900146,16.5452919,560.8900146,9.544343948,,,,,,,,,,
561.9400024,835.3366089,561.9400024,714.4468384,561.9400024,831.2068481,561.9400024,609.2293091,561.9400024,415.7120361,561.9400024,200.9118347,561.9400024,140.9394836,561.9400024,97.55375671,561.9400024,43.35670853,561.9400024,15.88858891,561.9400024,9.334799767,,,,,,,,,,
562.8300171,806.2876587,562.8300171,699.2255249,562.8300171,806.1743164,562.8300171,597.0914917,562.8300171,406.795105,562.8300171,192.2286224,562.8300171,138.2210693,562.8300171,94.51251221,562.8300171,42.50115204,562.8300171,15.43782234,562.8300171,9.012295723,,,,,,,,,,
563.8800049,781.8192749,563.8800049,676.7431641,563.8800049,780.4490356,563.8800049,577.7692261,563.8800049,392.4756165,563.8800049,188.4834595,563.8800049,133.1712036,563.8800049,92.10471344,563.8800049,40.64395142,563.8800049,14.76904869,563.8800049,8.608430862,,,,,,,,,,
564.9199829,755.6027222,564.9199829,651.6774902,564.9199829,753.3886719,564.9199829,558.4900513,564.9199829,377.7058716,564.9199829,180.9520416,564.9199829,129.7838593,564.9199829,88.66200256,564.9199829,39.47360992,564.9199829,14.35460567,564.9199829,8.400182724,,,,,,,,,,
565.9699707,727.4649048,565.9699707,624.7176514,565.9699707,726.1914063,565.9699707,533.3756104,565.9699707,364.4418945,565.9699707,174.5986786,565.9699707,123.7790222,565.9699707,85.06330872,565.9699707,37.92794418,565.9699707,13.86175537,565.9699707,8.013997078,,,,,,,,,,
566.8599854,703.7779541,566.8599854,607.3040771,566.8599854,701.0222168,566.8599854,516.34375,566.8599854,352.9498901,566.8599854,168.9192657,566.8599854,119.3227844,566.8599854,82.07554626,566.8599854,36.73536301,566.8599854,13.35959816,566.8599854,7.836464882,,,,,,,,,,
567.9099731,679.8505249,567.9099731,587.3808594,567.9099731,685.8713989,567.9099731,501.3388977,567.9099731,341.4315796,567.9099731,161.3265381,567.9099731,114.6008759,567.9099731,79.23252106,567.9099731,35.22880173,567.9099731,12.79887772,567.9099731,7.364791393,,,,,,,,,,
568.9500122,664.324585,568.9500122,565.1364746,568.9500122,646.2496338,568.9500122,478.9463196,568.9500122,326.6520691,568.9500122,154.6881256,568.9500122,110.5372543,568.9500122,76.44192505,568.9500122,33.88570786,568.9500122,12.30040073,568.9500122,7.165337086,,,,,,,,,,
569.8499756,634.9232178,569.8499756,547.6220093,569.8499756,628.9240723,569.8499756,458.1319885,569.8499756,314.7880554,569.8499756,149.509201,569.8499756,106.3499146,569.8499756,72.71387482,569.8499756,32.80348206,569.8499756,12.04316425,569.8499756,6.87065649,,,,,,,,,,
570.8800049,606.9346924,570.8800049,523.6565552,570.8800049,602.9515381,570.8800049,445.0933228,570.8800049,303.4733582,570.8800049,142.9955292,570.8800049,101.5815277,570.8800049,69.85331726,570.8800049,31.16012573,570.8800049,11.55592823,570.8800049,6.682245255,,,,,,,,,,
571.9099731,578.1308594,571.9099731,503.29776,571.9099731,579.0559692,571.9099731,426.2922363,571.9099731,288.3218994,571.9099731,137.8373718,571.9099731,96.74127197,571.9099731,66.81834412,571.9099731,29.97171021,571.9099731,11.08539963,571.9099731,6.514396667,,,,,,,,,,
572.9400024,559.0154419,572.9400024,481.9064636,572.9400024,548.6010742,572.9400024,412.6565552,572.9400024,278.6394043,572.9400024,130.0227356,572.9400024,94.69433594,572.9400024,64.48006439,572.9400024,28.70067406,572.9400024,10.704772,572.9400024,6.126948833,,,,,,,,,,
573.9699707,534.2316895,573.9699707,460.8918457,573.9699707,535.4082031,573.9699707,392.7469177,573.9699707,266.4818115,573.9699707,125.4116898,573.9699707,89.53485107,573.9699707,61.53217697,573.9699707,27.54812813,573.9699707,10.22839355,573.9699707,5.882456303,,,,,,,,,,
574.8499756,520.645752,574.8499756,446.1684265,574.8499756,514.0942993,574.8499756,379.502655,574.8499756,254.8921356,574.8499756,121.431076,574.8499756,86.5891571,574.8499756,59.73417282,574.8499756,26.73198128,574.8499756,9.696793556,574.8499756,5.651130199,,,,,,,,,,
575.8800049,494.6977539,575.8800049,429.0890198,575.8800049,498.0180969,575.8800049,359.0628967,575.8800049,245.190567,575.8800049,117.1373978,575.8800049,83.02450562,575.8800049,57.21961975,575.8800049,25.34841537,575.8800049,9.337224007,575.8800049,5.341045856,,,,,,,,,,
576.9099731,473.8648376,576.9099731,409.4224243,576.9099731,471.725647,576.9099731,346.754364,576.9099731,234.5115509,576.9099731,112.0262146,576.9099731,79.89241791,576.9099731,54.40966034,576.9099731,24.68096161,576.9099731,9.115303993,576.9099731,5.24298811,,,,,,,,,,
577.9400024,457.2172546,577.9400024,391.159729,577.9400024,455.2705383,577.9400024,334.1218872,577.9400024,225.5056152,577.9400024,107.3194199,577.9400024,76.26860809,577.9400024,52.52070999,577.9400024,23.79922485,577.9400024,8.634011269,577.9400024,4.982934475,,,,,,,,,,
578.9699707,438.2985229,578.9699707,377.84021,578.9699707,439.1110229,578.9699707,322.1868286,578.9699707,217.8455048,578.9699707,102.8698425,578.9699707,73.36131287,578.9699707,49.97102356,578.9699707,22.21368217,578.9699707,8.296278954,578.9699707,4.684452534,,,,,,,,,,
579.8499756,425.8919373,579.8499756,364.4925537,579.8499756,420.3721008,579.8499756,308.485199,579.8499756,207.7317657,579.8499756,98.78018188,579.8499756,70.58559418,579.8499756,48.70432281,579.8499756,21.59798241,579.8499756,7.994635105,579.8499756,4.650225163,,,,,,,,,,
580.8900146,407.1089478,580.8900146,350.3491211,580.8900146,403.9521179,580.8900146,300.1465149,580.8900146,200.7009277,580.8900146,95.26335907,580.8900146,67.52870178,580.8900146,47.12972641,580.8900146,20.83658028,580.8900146,7.57428503,580.8900146,4.357130527,,,,,,,,,,
581.9400024,390.2014771,581.9400024,336.3175354,581.9400024,388.5839539,581.9400024,286.4622498,581.9400024,193.4819946,581.9400024,91.89635468,581.9400024,64.95414734,581.9400024,44.8413887,581.9400024,20.18182564,581.9400024,7.327023506,581.9400024,4.277880192,,,,,,,,,,
582.8300171,381.184082,582.8300171,325.7832947,582.8300171,377.440094,582.8300171,276.4289551,582.8300171,186.7481689,582.8300171,88.21044159,582.8300171,63.09436417,582.8300171,43.18653488,582.8300171,19.44007874,582.8300171,7.160953522,582.8300171,4.062928677,,,,,,,,,,
583.8800049,364.9563904,583.8800049,313.991272,583.8800049,362.2141724,583.8800049,267.1118774,583.8800049,180.8299408,583.8800049,84.30673218,583.8800049,60.71541595,583.8800049,41.80978012,583.8800049,18.42705345,583.8800049,6.925848484,583.8800049,4.003272533,,,,,,,,,,
584.9199829,350.2992249,584.9199829,303.7069092,584.9199829,349.813446,584.9199829,257.5680542,584.9199829,174.4053497,584.9199829,82.69397736,584.9199829,58.45478439,584.9199829,40.30870438,584.9199829,17.94557762,584.9199829,6.614854813,584.9199829,3.863224506,,,,,,,,,,
585.9699707,339.3749695,585.9699707,293.1875916,585.9699707,338.9011841,585.9699707,248.4515228,585.9699707,166.6774139,585.9699707,79.67497253,585.9699707,56.4681778,585.9699707,38.90156174,585.9699707,17.45150566,585.9699707,6.33531332,585.9699707,3.706423044,,,,,,,,,,
586.8599854,330.6815491,586.8599854,284.9405823,586.8599854,330.6030579,586.8599854,241.8053894,586.8599854,162.4270172,586.8599854,77.15225983,586.8599854,55.20688629,586.8599854,37.77550125,586.8599854,16.96187973,586.8599854,6.315386772,586.8599854,3.625300169,,,,,,,,,,
587.9099731,318.7219849,587.9099731,274.0153503,587.9099731,318.9512939,587.9099731,233.6949921,587.9099731,157.6838684,587.9099731,74.70977783,587.9099731,53.00028229,587.9099731,36.93263626,587.9099731,16.24157524,587.9099731,6.048274994,587.9099731,3.486490488,,,,,,,,,,
588.9500122,309.8276367,588.9500122,266.5544739,588.9500122,307.8181458,588.9500122,226.7587891,588.9500122,152.4485321,588.9500122,72.5424118,588.9500122,51.70558167,588.9500122,35.42568207,588.9500122,15.84632492,588.9500122,5.840702057,588.9500122,3.372661591,,,,,,,,,,
589.8499756,299.2529297,589.8499756,256.9534302,589.8499756,298.8349304,589.8499756,219.7254486,589.8499756,147.5485535,589.8499756,70.06995392,589.8499756,49.4953537,589.8499756,34.16853714,589.8499756,15.47227383,589.8499756,5.69633007,589.8499756,3.330766678,,,,,,,,,,
590.8800049,291.0171204,590.8800049,250.487442,590.8800049,292.883728,590.8800049,211.8551483,590.8800049,142.9646149,590.8800049,68.01447296,590.8800049,48.51961899,590.8800049,33.10319901,590.8800049,14.84051323,590.8800049,5.433351517,590.8800049,3.195924282,,,,,,,,,,
591.9099731,282.4208984,591.9099731,241.8951111,591.9099731,278.9945068,591.9099731,205.6535797,591.9099731,137.3293762,591.9099731,65.70285797,591.9099731,46.94688797,591.9099731,32.03843689,591.9099731,14.34640503,591.9099731,5.419612885,591.9099731,3.068526506,,,,,,,,,,
592.9400024,272.0523376,592.9400024,233.6117401,592.9400024,271.7592468,592.9400024,199.4063568,592.9400024,133.1649933,592.9400024,64.10921478,592.9400024,45.31158447,592.9400024,30.89831161,592.9400024,13.85242176,592.9400024,5.178694248,592.9400024,2.952928066,,,,,,,,,,
593.9699707,266.395752,593.9699707,227.1794586,593.9699707,263.6430359,593.9699707,192.7454529,593.9699707,129.571106,593.9699707,61.97985077,593.9699707,44.10799789,593.9699707,30.32866096,593.9699707,13.30655861,593.9699707,5.012442589,593.9699707,2.955996513,,,,,,,,,,
594.8499756,255.3170929,594.8499756,220.7699432,594.8499756,257.7303772,594.8499756,186.6131897,594.8499756,126.5534592,594.8499756,59.58940887,594.8499756,42.67140579,594.8499756,29.35770416,594.8499756,12.90675735,594.8499756,4.876275539,594.8499756,2.776405334,,,,,,,,,,
595.8800049,247.2976532,595.8800049,212.7422943,595.8800049,246.9601288,595.8800049,180.0306549,595.8800049,120.5821686,595.8800049,58.01455307,595.8800049,41.22783279,595.8800049,28.30260849,595.8800049,12.63937569,595.8800049,4.701576233,595.8800049,2.699142933,,,,,,,,,,
596.9099731,241.0408173,596.9099731,206.4088745,596.9099731,240.1449127,596.9099731,174.9061584,596.9099731,117.5379791,596.9099731,55.94308853,596.9099731,39.90685654,596.9099731,27.35119629,596.9099731,12.25396061,596.9099731,4.534017086,596.9099731,2.681634426,,,,,,,,,,
597.9400024,234.0252991,597.9400024,198.6069489,597.9400024,232.7961273,597.9400024,169.2978363,597.9400024,114.1656494,597.9400024,54.0994339,597.9400024,38.77773285,597.9400024,26.45596886,597.9400024,11.79514408,597.9400024,4.425294876,597.9400024,2.536358356,,,,,,,,,,
598.9699707,227.2230682,598.9699707,193.4920807,598.9699707,225.2312775,598.9699707,163.6826477,598.9699707,110.4747162,598.9699707,52.62344742,598.9699707,37.49768448,598.9699707,25.64042091,598.9699707,11.50409031,598.9699707,4.246125221,598.9699707,2.441132069,,,,,,,,,,
599.8499756,220.3905945,599.8499756,188.6612701,599.8499756,216.5965729,599.8499756,159.1089478,599.8499756,107.4159088,599.8499756,50.99511337,599.8499756,36.70136261,599.8499756,24.75060463,599.8499756,11.1662159,599.8499756,4.088121891,599.8499756,2.367933035,,,,,,,,,,
600.8599854,213.5576324,600.8599854,181.8900909,600.8599854,209.776001,600.8599854,154.6442108,600.8599854,103.8863373,600.8599854,49.57366562,600.8599854,35.26664734,600.8599854,23.95213127,600.8599854,10.83439159,600.8599854,3.969621897,600.8599854,2.330429077,,,,,,,,,,
601.8800049,206.042572,601.8800049,175.401474,601.8800049,204.252182,601.8800049,149.1004181,601.8800049,100.6331024,601.8800049,47.64021301,601.8800049,34.23913193,601.8800049,23.24877357,601.8800049,10.26352978,601.8800049,3.858287096,601.8800049,2.233687162,,,,,,,,,,
602.8900146,197.9763184,602.8900146,169.2102661,602.8900146,196.588913,602.8900146,142.1673279,602.8900146,96.95359802,602.8900146,45.54639816,602.8900146,32.68246078,602.8900146,22.51693726,602.8900146,9.946588516,602.8900146,3.65948391,602.8900146,2.174577236,,,,,,,,,,
603.9099731,190.4753265,603.9099731,163.2819824,603.9099731,189.0864868,603.9099731,138.5257416,603.9099731,92.76718903,603.9099731,43.86724854,603.9099731,31.55182648,603.9099731,21.77301979,603.9099731,9.542185783,603.9099731,3.589392424,603.9099731,2.088860989,,,,,,,,,,
604.9199829,185.0830688,604.9199829,157.5544128,604.9199829,182.7289734,604.9199829,133.0695496,604.9199829,89.17962646,604.9199829,42.50709915,604.9199829,30.37468338,604.9199829,20.59827995,604.9199829,9.245798111,604.9199829,3.470765591,604.9199829,2.021690607,,,,,,,,,,
605.9400024,178.1444702,605.9400024,150.938446,605.9400024,174.54039,605.9400024,127.1544724,605.9400024,86.84617615,605.9400024,40.80014801,605.9400024,29.39598083,605.9400024,20.12628746,605.9400024,8.916089058,605.9400024,3.392623186,605.9400024,1.920783758,,,,,,,,,,
606.9500122,170.3877869,606.9500122,145.4763489,606.9500122,168.0339966,606.9500122,123.1035004,606.9500122,83.22576141,606.9500122,39.34505844,606.9500122,28.19460869,606.9500122,19.2075367,606.9500122,8.744994164,606.9500122,3.172338724,606.9500122,1.881828427,,,,,,,,,,
607.9699707,163.6145477,607.9699707,140.351593,607.9699707,163.6349487,607.9699707,119.9660873,607.9699707,80.62250519,607.9699707,37.88851929,607.9699707,27.35684013,607.9699707,18.60413742,607.9699707,8.232580185,607.9699707,3.054587126,607.9699707,1.860193133,,,,,,,,,,
608.8400269,158.0836182,608.8400269,135.0160217,608.8400269,157.8712311,608.8400269,115.7098846,608.8400269,77.85923004,608.8400269,36.61887741,608.8400269,26.08382034,608.8400269,17.71288681,608.8400269,8.001800537,608.8400269,2.932482958,608.8400269,1.784206271,,,,,,,,,,
609.8499756,151.6996613,609.8499756,129.6490631,609.8499756,150.2024994,609.8499756,110.5702591,609.8499756,74.27845001,609.8499756,35.31008148,609.8499756,24.93104935,609.8499756,17.26787376,609.8499756,7.731566906,609.8499756,2.862875462,609.8499756,1.685820222,,,,,,,,,,
610.8800049,146.25177,610.8800049,125.099556,610.8800049,142.4295044,610.8800049,105.8568268,610.8800049,71.31064606,610.8800049,33.91025543,610.8800049,24.30293465,610.8800049,16.49303627,610.8800049,7.406158447,610.8800049,2.778949261,610.8800049,1.568286777,,,,,,,,,,
611.9099731,140.5066223,611.9099731,119.7538223,611.9099731,138.5917053,611.9099731,102.0290909,611.9099731,68.47894287,611.9099731,32.73210144,611.9099731,23.17629814,611.9099731,15.94822311,611.9099731,7.128423214,611.9099731,2.635341406,611.9099731,1.483636022,,,,,,,,,,
612.9400024,134.4970093,612.9400024,114.9879913,612.9400024,132.5789337,612.9400024,98.23369598,612.9400024,65.63919067,612.9400024,31.50453377,612.9400024,22.31539726,612.9400024,15.11379528,612.9400024,6.857881069,612.9400024,2.529781342,612.9400024,1.470213771,,,,,,,,,,
613.9699707,128.3083344,613.9699707,110.3187256,613.9699707,127.1112442,613.9699707,93.34655762,613.9699707,63.2880249,613.9699707,29.76771736,613.9699707,21.50368881,613.9699707,14.68936348,613.9699707,6.561742783,613.9699707,2.418080091,613.9699707,1.421587348,,,,,,,,,,
614.8499756,124.3453064,614.8499756,106.8734818,614.8499756,123.2913055,614.8499756,91.30445099,614.8499756,61.17821121,614.8499756,29.0583477,614.8499756,20.69468498,614.8499756,14.217453,614.8499756,6.343856335,614.8499756,2.335408688,614.8499756,1.359743357,,,,,,,,,,
615.8800049,119.2667618,615.8800049,102.0352783,615.8800049,117.9173279,615.8800049,87.10001373,615.8800049,58.37831879,615.8800049,27.66633606,615.8800049,19.60737991,615.8800049,13.30767632,615.8800049,6.080785751,615.8800049,2.221450806,615.8800049,1.297804952,,,,,,,,,,
616.9099731,114.2993393,616.9099731,97.50480652,616.9099731,112.9923172,616.9099731,82.41040039,616.9099731,56.01106644,616.9099731,26.52296638,616.9099731,19.06669044,616.9099731,12.90487576,616.9099731,5.787345409,616.9099731,2.175704241,616.9099731,1.264980793,,,,,,,,,,
617.9400024,109.4751511,617.9400024,92.82834625,617.9400024,107.7725525,617.9400024,79.51403809,617.9400024,53.18055725,617.9400024,25.12727928,617.9400024,18.08398438,617.9400024,12.40113831,617.9400024,5.514795303,617.9400024,2.01649642,617.9400024,1.233227491,,,,,,,,,,
618.9699707,103.4173203,618.9699707,89.23651123,618.9699707,103.2209778,618.9699707,75.46588898,618.9699707,50.56407928,618.9699707,23.99742126,618.9699707,17.19717598,618.9699707,11.70782757,618.9699707,5.364216805,618.9699707,2.009575844,618.9699707,1.16469264,,,,,,,,,,
619.8499756,99.68910217,619.8499756,86.03730774,619.8499756,98.90129089,619.8499756,72.73642731,619.8499756,48.89096451,619.8499756,23.04660034,619.8499756,16.54339218,619.8499756,11.2446909,619.8499756,5.033205032,619.8499756,1.910614014,619.8499756,1.125050902,,,,,,,,,,
620.8800049,95.40984344,620.8800049,81.96190643,620.8800049,95.32167053,620.8800049,69.82770538,620.8800049,46.74239731,620.8800049,22.21979523,620.8800049,15.74862766,620.8800049,10.74633121,620.8800049,4.924966335,620.8800049,1.776105881,620.8800049,1.082712054,,,,,,,,,,
621.9099731,90.66460419,621.9099731,78.58547211,621.9099731,91.10877991,621.9099731,66.50341797,621.9099731,44.95714951,621.9099731,21.32422256,621.9099731,15.01856995,621.9099731,10.30927849,621.9099731,4.660182476,621.9099731,1.709912658,621.9099731,1.005466819,,,,,,,,,,
622.9400024,87.04611969,622.9400024,74.86453247,622.9400024,86.77861786,622.9400024,63.76723862,622.9400024,42.62864685,622.9400024,20.28368187,622.9400024,14.39418411,622.9400024,9.827185631,622.9400024,4.452670097,622.9400024,1.651012778,622.9400024,0.9797536731,,,,,,,,,,
623.9699707,81.61956787,623.9699707,71.64050293,623.9699707,82.45159912,623.9699707,60.30318451,623.9699707,40.55356598,623.9699707,19.09574127,623.9699707,13.84168243,623.9699707,9.603813171,623.9699707,4.19197607,623.9699707,1.532309055,623.9699707,0.9251021147,,,,,,,,,,
624.8499756,79.42389679,624.8499756,68.42523193,624.8499756,78.86894226,624.8499756,57.8412323,624.8499756,39.20235062,624.8499756,18.33713913,624.8499756,13.24152184,624.8499756,9.122508049,624.8499756,4.089979649,624.8499756,1.465154409,624.8499756,0.8925518394,,,,,,,,,,
625.8800049,75.05578613,625.8800049,65.13401031,625.8800049,75.65961456,625.8800049,55.44256592,625.8800049,37.19353485,625.8800049,17.62695694,625.8800049,12.53694344,625.8800049,8.713886261,625.8800049,3.93551302,625.8800049,1.458060265,625.8800049,0.8043835759,,,,,,,,,,
626.9099731,72.68179321,626.9099731,62.2063942,626.9099731,71.41783905,626.9099731,52.92512894,626.9099731,35.57145691,626.9099731,16.72400856,626.9099731,12.00430679,626.9099731,8.172803879,626.9099731,3.719352722,626.9099731,1.438848853,626.9099731,0.8268524408,,,,,,,,,,
627.9400024,68.93893433,627.9400024,59.53627777,627.9400024,68.27209473,627.9400024,50.25841904,627.9400024,33.87275696,627.9400024,16.0863533,627.9400024,11.39625549,627.9400024,7.925929546,627.9400024,3.552366734,627.9400024,1.315012813,627.9400024,0.8072249293,,,,,,,,,,
628.9699707,65.62756348,628.9699707,56.99174118,628.9699707,66.23594666,628.9699707,48.08151245,628.9699707,32.35958862,628.9699707,15.42724037,628.9699707,10.8887949,628.9699707,7.487421513,628.9699707,3.305557013,628.9699707,1.286328316,628.9699707,0.7338245511,,,,,,,,,,
629.8499756,63.20615005,629.8499756,54.22107697,629.8499756,63.52558899,629.8499756,46.33061218,629.8499756,30.72903061,629.8499756,14.6631794,629.8499756,10.57636833,629.8499756,7.109281063,629.8499756,3.268277884,629.8499756,1.158872485,629.8499756,0.7211180329,,,,,,,,,,
630.8599854,59.75509262,630.8599854,52.19124985,630.8599854,59.89856339,630.8599854,43.58903122,630.8599854,29.65397835,630.8599854,13.96761894,630.8599854,10.05720901,630.8599854,6.791293144,630.8599854,3.134758472,630.8599854,1.133997798,630.8599854,0.6995453238,,,,,,,,,,
631.8800049,56.81824875,631.8800049,49.16542816,631.8800049,56.7051506,631.8800049,41.81486893,631.8800049,28.05399704,631.8800049,13.40686417,631.8800049,9.630397797,631.8800049,6.443058968,631.8800049,2.943861723,631.8800049,1.073359728,631.8800049,0.6302594543,,,,,,,,,,
632.8900146,54.57756042,632.8900146,46.8475914,632.8900146,54.01795578,632.8900146,39.64474487,632.8900146,26.65067291,632.8900146,12.66583729,632.8900146,9.121837616,632.8900146,6.258162498,632.8900146,2.798991442,632.8900146,1.060355902,632.8900146,0.6148945093,,,,,,,,,,
633.9099731,51.76102829,633.9099731,44.75133133,633.9099731,51.59577179,633.9099731,37.97915268,633.9099731,25.33754921,633.9099731,12.12641811,633.9099731,8.79361248,633.9099731,5.85960722,633.9099731,2.652158737,633.9099731,0.9952370524,633.9099731,0.5837779641,,,,,,,,,,
634.9199829,49.44732666,634.9199829,42.87200928,634.9199829,49.43990326,634.9199829,36.04879379,634.9199829,24.34996033,634.9199829,11.50793839,634.9199829,8.279267311,634.9199829,5.682500839,634.9199829,2.463962317,634.9199829,0.9951192141,634.9199829,0.5679963827,,,,,,,,,,
635.9400024,47.82943726,635.9400024,40.94207764,635.9400024,47.22857666,635.9400024,34.15449905,635.9400024,23.3108139,635.9400024,11.02786827,635.9400024,7.944347382,635.9400024,5.463490009,635.9400024,2.460097551,635.9400024,0.9404174089,635.9400024,0.5518862009,,,,,,,,,,
636.9500122,45.23282623,636.9500122,39.04987335,636.9500122,44.93975449,636.9500122,32.93463135,636.9500122,22.27522659,636.9500122,10.60995579,636.9500122,7.579213619,636.9500122,5.213044643,636.9500122,2.317925453,636.9500122,0.9144676328,636.9500122,0.5027802587,,,,,,,,,,
637.9699707,43.23190689,637.9699707,36.9886322,637.9699707,43.10517502,637.9699707,31.74292755,637.9699707,21.30468369,637.9699707,10.14306641,637.9699707,7.195851803,637.9699707,4.919084072,637.9699707,2.211227894,637.9699707,0.8327279687,637.9699707,0.5555105805,,,,,,,,,,
638.8400269,41.88312912,638.8400269,36.15578079,638.8400269,41.39746094,638.8400269,30.7908268,638.8400269,20.6204071,638.8400269,9.706834793,638.8400269,7.061201096,638.8400269,4.778232098,638.8400269,2.10165453,638.8400269,0.8219923377,638.8400269,0.4980546534,,,,,,,,,,
639.8499756,39.60697937,639.8499756,34.44878387,639.8499756,39.51677704,639.8499756,29.14697647,639.8499756,19.59380341,639.8499756,9.309523582,639.8499756,6.753132343,639.8499756,4.489049435,639.8499756,2.023841381,639.8499756,0.8258039355,639.8499756,0.4654878378,,,,,,,,,,
640.8599854,37.98764801,640.8599854,33.00125504,640.8599854,37.77067947,640.8599854,27.47471809,640.8599854,18.73888016,640.8599854,8.828954697,640.8599854,6.345804691,640.8599854,4.320309639,640.8599854,1.985135078,640.8599854,0.7149749398,640.8599854,0.4490581453,,,,,,,,,,
641.8800049,36.59330368,641.8800049,31.30558968,641.8800049,36.13002396,641.8800049,26.41237068,641.8800049,17.85460091,641.8800049,8.522861481,641.8800049,6.133411884,641.8800049,4.120565891,641.8800049,1.908140063,641.8800049,0.6972806454,641.8800049,0.4354806244,,,,,,,,,,
642.8900146,34.73923492,642.8900146,30.19209862,642.8900146,35.07812119,642.8900146,25.49453545,642.8900146,17.22710228,642.8900146,8.216941833,642.8900146,5.785971642,642.8900146,4.065040588,642.8900146,1.791119576,642.8900146,0.6846036911,642.8900146,0.4865153134,,,,,,,,,,
643.9099731,33.31792068,643.9099731,28.55781937,643.9099731,33.25449753,643.9099731,24.3739624,643.9099731,16.33069992,643.9099731,7.84508419,643.9099731,5.597853184,643.9099731,3.76267314,643.9099731,1.669279337,643.9099731,0.721321702,643.9099731,0.4047522545,,,,,,,,,,
644.9199829,31.91432762,644.9199829,27.58566093,644.9199829,31.79504395,644.9199829,22.96895027,644.9199829,15.77701092,644.9199829,7.476624489,644.9199829,5.307928085,644.9199829,3.643664122,644.9199829,1.645373106,644.9199829,0.6820180416,644.9199829,0.3571784198,,,,,,,,,,
645.9400024,30.6023159,645.9400024,26.04624367,645.9400024,30.58416176,645.9400024,22.21831512,645.9400024,15.00968838,645.9400024,7.131896496,645.9400024,5.036960602,645.9400024,3.485931873,645.9400024,1.597031355,645.9400024,0.563370347,645.9400024,0.3359462321,,,,,,,,,,
646.9500122,29.31155396,646.9500122,25.12643623,646.9500122,29.01930046,646.9500122,21.18713951,646.9500122,14.26579285,646.9500122,6.687994003,646.9500122,4.88363266,646.9500122,3.315377474,646.9500122,1.589167237,646.9500122,0.5559933782,646.9500122,0.3510086834,,,,,,,,,,
647.9699707,28.12476158,647.9699707,23.94628143,647.9699707,27.98438644,647.9699707,20.06125832,647.9699707,13.71419144,647.9699707,6.486355782,647.9699707,4.719029427,647.9699707,3.173567295,647.9699707,1.429972649,647.9699707,0.5638770461,647.9699707,0.3781818151,,,,,,,,,,
648.8400269,26.90256119,648.8400269,23.19493294,648.8400269,27.16779709,648.8400269,19.7905159,648.8400269,13.4491272,648.8400269,6.252158165,648.8400269,4.602462292,648.8400269,3.138166904,648.8400269,1.41701138,648.8400269,0.5456614494,648.8400269,0.3338072002,,,,,,,,,,
649.8499756,26.20303535,649.8499756,22.34712219,649.8499756,25.56173325,649.8499756,18.6756897,649.8499756,12.78538799,649.8499756,6.142105579,649.8499756,4.334819317,649.8499756,2.955355644,649.8499756,1.345402598,649.8499756,0.519533217,649.8499756,0.3663664162,,,,,,,,,,
650.8599854,24.81126976,650.8599854,21.32573891,650.8599854,24.53995132,650.8599854,18.06960106,650.8599854,12.15935898,650.8599854,5.794476032,650.8599854,4.134296417,650.8599854,2.907011986,650.8599854,1.283329248,650.8599854,0.4974349141,650.8599854,0.2988606691,,,,,,,,,,
